{
  "hash": "60e52077",
  "configHash": "ae0c8da3",
  "lockfileHash": "551027b1",
  "browserHash": "cd0e4e33",
  "optimized": {
    "@angular/common": {
      "src": "../../../../../../node_modules/@angular/common/fesm2022/common.mjs",
      "file": "@angular_common.js",
      "fileHash": "ea089032",
      "needsInterop": false
    },
    "@angular/common/http": {
      "src": "../../../../../../node_modules/@angular/common/fesm2022/http.mjs",
      "file": "@angular_common_http.js",
      "fileHash": "89fd6ae5",
      "needsInterop": false
    },
    "@angular/core": {
      "src": "../../../../../../node_modules/@angular/core/fesm2022/core.mjs",
      "file": "@angular_core.js",
      "fileHash": "8cc67164",
      "needsInterop": false
    },
    "@angular/forms": {
      "src": "../../../../../../node_modules/@angular/forms/fesm2022/forms.mjs",
      "file": "@angular_forms.js",
      "fileHash": "f51a949a",
      "needsInterop": false
    },
    "@angular/platform-browser": {
      "src": "../../../../../../node_modules/@angular/platform-browser/fesm2022/platform-browser.mjs",
      "file": "@angular_platform-browser.js",
      "fileHash": "24c492b9",
      "needsInterop": false
    },
    "@angular/router": {
      "src": "../../../../../../node_modules/@angular/router/fesm2022/router.mjs",
      "file": "@angular_router.js",
      "fileHash": "501ac99f",
      "needsInterop": false
    }
  },
  "chunks": {
    "chunk-IANQN7KO": {
      "file": "chunk-IANQN7KO.js"
    },
    "chunk-KSWCPEAY": {
      "file": "chunk-KSWCPEAY.js"
    },
    "chunk-PF7QABWO": {
      "file": "chunk-PF7QABWO.js"
    },
    "chunk-YNK7CL7V": {
      "file": "chunk-YNK7CL7V.js"
    }
  }
}